{
  "elapsed_s": 91.14,
  "est_gpu_hours_full_5000": 0.0253,
  "latency_ms_per_candidate": 0.1823,
  "latency_ms_per_query": 18.228,
  "model": "cross-encoder/ms-marco-MiniLM-L-6-v2",
  "mrr": 0.6131834416078763,
  "n_queries": 5000.0,
  "ndcg@10": 0.6522339123372525,
  "peak_vram_mb": 644.0,
  "recall@1": 0.52,
  "recall@10": 0.795,
  "recall@5": 0.724,
  "topk": 100
}
