{
  "conditional": {
    "mrr": 0.6568588165993563,
    "n_queries": 914.0,
    "ndcg@10": 0.699702778539031,
    "recall@1": 0.5579868708971554,
    "recall@10": 0.8599562363238512,
    "recall@5": 0.7757111597374179
  },
  "conditions": {
    "1": {
      "mrr": 0.993421052631579,
      "n": 76,
      "recall@1": 0.9868421052631579,
      "recall@5": 1.0
    },
    "2": {
      "mrr": 0.9544871794871795,
      "n": 78,
      "recall@1": 0.9230769230769231,
      "recall@5": 1.0
    },
    "3": {
      "mrr": 0.532782716784997,
      "n": 598,
      "recall@1": 0.4214046822742475,
      "recall@5": 0.6789297658862876
    },
    "4+": {
      "mrr": 0.5315116682838058,
      "n": 248,
      "recall@1": 0.4475806451612903,
      "recall@5": 0.6008064516129032
    }
  },
  "difficulty": {
    "adversarial": {
      "mrr": 0.6376591238671072,
      "n": 105,
      "recall@1": 0.5428571428571428,
      "recall@5": 0.7238095238095238
    },
    "easy": {
      "mrr": 0.4751415983320561,
      "n": 290,
      "recall@1": 0.36551724137931035,
      "recall@5": 0.6137931034482759
    },
    "hard": {
      "mrr": 0.7646102365411628,
      "n": 262,
      "recall@1": 0.7061068702290076,
      "recall@5": 0.8282442748091603
    },
    "medium": {
      "mrr": 0.5693755244189073,
      "n": 343,
      "recall@1": 0.47230320699708456,
      "recall@5": 0.6938775510204082
    }
  },
  "e2e": {
    "mrr": 0.6003689583718117,
    "n_queries": 1000.0,
    "ndcg@10": 0.6395283395846744,
    "recall@1": 0.51,
    "recall@10": 0.786,
    "recall@5": 0.709
  }
}
