{
  "conditional": {
    "mrr": 0.758729532405745,
    "n_queries": 914.0,
    "ndcg@10": 0.7853358664452221,
    "recall@1": 0.7045951859956237,
    "recall@10": 0.8894967177242888,
    "recall@5": 0.812910284463895
  },
  "conditions": {
    "1": {
      "mrr": 0.993421052631579,
      "n": 76,
      "recall@1": 0.9868421052631579,
      "recall@5": 1.0
    },
    "2": {
      "mrr": 1.0,
      "n": 78,
      "recall@1": 1.0,
      "recall@5": 1.0
    },
    "3": {
      "mrr": 0.6794003583015238,
      "n": 598,
      "recall@1": 0.6387959866220736,
      "recall@5": 0.7190635451505016
    },
    "4+": {
      "mrr": 0.5391023320747563,
      "n": 248,
      "recall@1": 0.43951612903225806,
      "recall@5": 0.6411290322580645
    }
  },
  "dev_metrics": {
    "mrr": 0.7185267445313019,
    "n_queries": 1000.0,
    "ndcg@10": 0.7392982199084188,
    "recall@1": 0.676,
    "recall@10": 0.825,
    "recall@5": 0.763
  },
  "difficulty": {
    "adversarial": {
      "mrr": 0.7225006932149791,
      "n": 105,
      "recall@1": 0.6761904761904762,
      "recall@5": 0.7714285714285715
    },
    "easy": {
      "mrr": 0.5885783801351319,
      "n": 290,
      "recall@1": 0.5379310344827586,
      "recall@5": 0.6379310344827587
    },
    "hard": {
      "mrr": 0.7732581955085109,
      "n": 262,
      "recall@1": 0.7137404580152672,
      "recall@5": 0.8358778625954199
    },
    "medium": {
      "mrr": 0.7123464792095043,
      "n": 343,
      "recall@1": 0.6705539358600583,
      "recall@5": 0.7521865889212828
    }
  },
  "e2e": {
    "mrr": 0.693478792618851,
    "n_queries": 1000.0,
    "ndcg@10": 0.717796981930933,
    "recall@1": 0.644,
    "recall@10": 0.813,
    "recall@5": 0.743
  }
}
