{
  "conditional": {
    "mrr": 0.7615054906512122,
    "n_queries": 914.0,
    "ndcg@10": 0.7843920704038839,
    "recall@1": 0.7078774617067833,
    "recall@10": 0.8774617067833698,
    "recall@5": 0.8161925601750547
  },
  "conditions": {
    "1": {
      "mrr": 0.993421052631579,
      "n": 76,
      "recall@1": 0.9868421052631579,
      "recall@5": 1.0
    },
    "2": {
      "mrr": 1.0,
      "n": 78,
      "recall@1": 1.0,
      "recall@5": 1.0
    },
    "3": {
      "mrr": 0.6839696502324367,
      "n": 598,
      "recall@1": 0.6438127090301003,
      "recall@5": 0.7190635451505016
    },
    "4+": {
      "mrr": 0.5383151920008481,
      "n": 248,
      "recall@1": 0.43951612903225806,
      "recall@5": 0.6532258064516129
    }
  },
  "dev_metrics": {
    "mrr": 0.721768957116253,
    "n_queries": 1000.0,
    "ndcg@10": 0.7432510172668991,
    "recall@1": 0.679,
    "recall@10": 0.828,
    "recall@5": 0.762
  },
  "difficulty": {
    "adversarial": {
      "mrr": 0.7121245456019892,
      "n": 105,
      "recall@1": 0.6476190476190476,
      "recall@5": 0.780952380952381
    },
    "easy": {
      "mrr": 0.5946608566321063,
      "n": 290,
      "recall@1": 0.5448275862068965,
      "recall@5": 0.6448275862068965
    },
    "hard": {
      "mrr": 0.7830617828853983,
      "n": 262,
      "recall@1": 0.7290076335877863,
      "recall@5": 0.8435114503816794
    },
    "medium": {
      "mrr": 0.7102889376901271,
      "n": 343,
      "recall@1": 0.6705539358600583,
      "recall@5": 0.7463556851311953
    }
  },
  "e2e": {
    "mrr": 0.6960160184552079,
    "n_queries": 1000.0,
    "ndcg@10": 0.7169343523491499,
    "recall@1": 0.647,
    "recall@10": 0.802,
    "recall@5": 0.746
  }
}
