{
  "conditional": {
    "mrr": 0.7608113728158908,
    "n_queries": 914.0,
    "ndcg@10": 0.7880061264764997,
    "recall@1": 0.7089715536105032,
    "recall@10": 0.8938730853391685,
    "recall@5": 0.8172866520787746
  },
  "conditions": {
    "1": {
      "mrr": 0.993421052631579,
      "n": 76,
      "recall@1": 0.9868421052631579,
      "recall@5": 1.0
    },
    "2": {
      "mrr": 1.0,
      "n": 78,
      "recall@1": 1.0,
      "recall@5": 1.0
    },
    "3": {
      "mrr": 0.6870758613841578,
      "n": 598,
      "recall@1": 0.6505016722408027,
      "recall@5": 0.7240802675585284
    },
    "4+": {
      "mrr": 0.5282670550241854,
      "n": 248,
      "recall@1": 0.4274193548387097,
      "recall@5": 0.6451612903225806
    }
  },
  "dev_metrics": {
    "mrr": 0.7130176613484822,
    "n_queries": 1000.0,
    "ndcg@10": 0.7344463307467693,
    "recall@1": 0.667,
    "recall@10": 0.822,
    "recall@5": 0.758
  },
  "difficulty": {
    "adversarial": {
      "mrr": 0.7314544318115749,
      "n": 105,
      "recall@1": 0.6857142857142857,
      "recall@5": 0.7904761904761904
    },
    "easy": {
      "mrr": 0.6019008882287722,
      "n": 290,
      "recall@1": 0.5586206896551724,
      "recall@5": 0.6413793103448275
    },
    "hard": {
      "mrr": 0.7596977721843101,
      "n": 262,
      "recall@1": 0.6984732824427481,
      "recall@5": 0.8320610687022901
    },
    "medium": {
      "mrr": 0.7142472463990539,
      "n": 343,
      "recall@1": 0.673469387755102,
      "recall@5": 0.7580174927113703
    }
  },
  "e2e": {
    "mrr": 0.6953815947537243,
    "n_queries": 1000.0,
    "ndcg@10": 0.7202375995995207,
    "recall@1": 0.648,
    "recall@10": 0.817,
    "recall@5": 0.747
  }
}
