{
  "aggregate": {
    "dev_test_r5_gap_mean": 0.01566666666666668,
    "dev_test_r5_gap_std": 0.0036817870057290905,
    "eval_latency_per_cand_ms_mean": 15.802999999999999,
    "eval_latency_per_cand_ms_std": 0.9701590934824378,
    "eval_latency_per_q_ms_mean": 1580.3153333333332,
    "eval_latency_per_q_ms_std": 96.99882716243994,
    "peak_vram_mb_mean": 546.3333333333334,
    "peak_vram_mb_std": 241.17254312121756,
    "test_cond_recall@5_mean": 0.8154631655725747,
    "test_cond_recall@5_std": 0.0018595986555772093,
    "test_mrr_mean": 0.6949588019425944,
    "test_mrr_std": 0.0010780983433888007,
    "test_ndcg@10_mean": 0.7183229779598679,
    "test_ndcg@10_std": 0.001398895866058179,
    "test_recall@10_mean": 0.8106666666666666,
    "test_recall@10_std": 0.006342099196813437,
    "test_recall@1_mean": 0.6463333333333333,
    "test_recall@1_std": 0.0016996731711975963,
    "test_recall@5_mean": 0.7453333333333333,
    "test_recall@5_std": 0.0016996731711975963
  },
  "dry_run": false,
  "per_seed": [
    {
      "best_dev_metric": 0.7618,
      "best_step": 1500,
      "dev_mrr": 0.721768957116253,
      "dev_recall@5": 0.762,
      "dev_test_r5_gap": 0.016000000000000014,
      "eval_latency_per_cand_ms": 14.944,
      "eval_latency_per_q_ms": 1494.423,
      "model": "state-spaces/mamba-130m-hf",
      "peak_vram_mb": 377.0,
      "seed": 0,
      "stopped_early": false,
      "tag": "mamba_130m_lora",
      "test_cond_mrr": 0.7615054906512122,
      "test_cond_n": 914,
      "test_cond_ndcg@10": 0.7843920704038839,
      "test_cond_recall@1": 0.7078774617067833,
      "test_cond_recall@10": 0.8774617067833698,
      "test_cond_recall@5": 0.8161925601750547,
      "test_mrr": 0.6960160184552079,
      "test_ndcg@10": 0.7169343523491499,
      "test_recall@1": 0.647,
      "test_recall@10": 0.802,
      "test_recall@5": 0.746,
      "total_steps_run": 1500,
      "train_time_s": 5058.0
    },
    {
      "best_dev_metric": 0.7646,
      "best_step": 1250,
      "dev_mrr": 0.7185267445313019,
      "dev_recall@5": 0.763,
      "dev_test_r5_gap": 0.020000000000000018,
      "eval_latency_per_cand_ms": 17.159,
      "eval_latency_per_q_ms": 1715.89,
      "model": "state-spaces/mamba-130m-hf",
      "peak_vram_mb": 887.4,
      "seed": 1,
      "stopped_early": false,
      "tag": "mamba_130m_lora",
      "test_cond_mrr": 0.758729532405745,
      "test_cond_n": 914,
      "test_cond_ndcg@10": 0.7853358664452221,
      "test_cond_recall@1": 0.7045951859956237,
      "test_cond_recall@10": 0.8894967177242888,
      "test_cond_recall@5": 0.812910284463895,
      "test_mrr": 0.693478792618851,
      "test_ndcg@10": 0.717796981930933,
      "test_recall@1": 0.644,
      "test_recall@10": 0.813,
      "test_recall@5": 0.743,
      "total_steps_run": 1500,
      "train_time_s": 5129.7
    },
    {
      "best_dev_metric": 0.7582,
      "best_step": 1250,
      "dev_mrr": 0.7130176613484822,
      "dev_recall@5": 0.758,
      "dev_test_r5_gap": 0.01100000000000001,
      "eval_latency_per_cand_ms": 15.306,
      "eval_latency_per_q_ms": 1530.633,
      "model": "state-spaces/mamba-130m-hf",
      "peak_vram_mb": 374.6,
      "seed": 2,
      "stopped_early": false,
      "tag": "mamba_130m_lora",
      "test_cond_mrr": 0.7608113728158908,
      "test_cond_n": 914,
      "test_cond_ndcg@10": 0.7880061264764997,
      "test_cond_recall@1": 0.7089715536105032,
      "test_cond_recall@10": 0.8938730853391685,
      "test_cond_recall@5": 0.8172866520787746,
      "test_mrr": 0.6953815947537243,
      "test_ndcg@10": 0.7202375995995207,
      "test_recall@1": 0.648,
      "test_recall@10": 0.817,
      "test_recall@5": 0.747,
      "total_steps_run": 1500,
      "train_time_s": 5133.3
    }
  ],
  "seeds": [
    0,
    1,
    2
  ]
}
