{
  "conditional": {
    "mrr": 0.3241440555280264,
    "n_queries": 914.0,
    "ndcg@10": 0.34927245386402844,
    "recall@1": 0.237417943107221,
    "recall@10": 0.47811816192560175,
    "recall@5": 0.4026258205689278
  },
  "conditions": {
    "1": {
      "mrr": 0.7056358285953652,
      "n": 76,
      "recall@1": 0.6973684210526315,
      "recall@5": 0.6973684210526315
    },
    "2": {
      "mrr": 0.6834904680692316,
      "n": 78,
      "recall@1": 0.6153846153846154,
      "recall@5": 0.7435897435897436
    },
    "3": {
      "mrr": 0.2398139088420423,
      "n": 598,
      "recall@1": 0.1488294314381271,
      "recall@5": 0.32608695652173914
    },
    "4+": {
      "mrr": 0.18515471686462567,
      "n": 248,
      "recall@1": 0.10887096774193548,
      "recall@5": 0.25
    }
  },
  "dev_metrics": {
    "mrr": 0.3051926201209339,
    "n_queries": 1000.0,
    "ndcg@10": 0.3303620075335539,
    "recall@1": 0.221,
    "recall@10": 0.458,
    "recall@5": 0.38
  },
  "difficulty": {
    "adversarial": {
      "mrr": 0.3259310963200993,
      "n": 105,
      "recall@1": 0.2571428571428571,
      "recall@5": 0.3904761904761905
    },
    "easy": {
      "mrr": 0.2117872348070045,
      "n": 290,
      "recall@1": 0.12758620689655173,
      "recall@5": 0.2827586206896552
    },
    "hard": {
      "mrr": 0.42296033147744977,
      "n": 262,
      "recall@1": 0.366412213740458,
      "recall@5": 0.46946564885496184
    },
    "medium": {
      "mrr": 0.26183964051860886,
      "n": 343,
      "recall@1": 0.1661807580174927,
      "recall@5": 0.3556851311953353
    }
  },
  "e2e": {
    "mrr": 0.2962676667526161,
    "n_queries": 1000.0,
    "ndcg@10": 0.319235022831722,
    "recall@1": 0.217,
    "recall@10": 0.437,
    "recall@5": 0.368
  }
}
