{
  "conditional": {
    "mrr": 0.44235135967780936,
    "n_queries": 914.0,
    "ndcg@10": 0.49084446043246827,
    "recall@1": 0.31291028446389496,
    "recall@10": 0.6684901531728665,
    "recall@5": 0.612691466083151
  },
  "conditions": {
    "1": {
      "mrr": 0.9110864112391369,
      "n": 76,
      "recall@1": 0.881578947368421,
      "recall@5": 0.9473684210526315
    },
    "2": {
      "mrr": 0.7005501890582536,
      "n": 78,
      "recall@1": 0.5897435897435898,
      "recall@5": 0.8846153846153846
    },
    "3": {
      "mrr": 0.37116970866053745,
      "n": 598,
      "recall@1": 0.23411371237458195,
      "recall@5": 0.5551839464882943
    },
    "4+": {
      "mrr": 0.2357426409911228,
      "n": 248,
      "recall@1": 0.13306451612903225,
      "recall@5": 0.35080645161290325
    }
  },
  "dev_metrics": {
    "mrr": 0.4531272030764537,
    "n_queries": 1000.0,
    "ndcg@10": 0.4932372056780995,
    "recall@1": 0.348,
    "recall@10": 0.643,
    "recall@5": 0.582
  },
  "difficulty": {
    "adversarial": {
      "mrr": 0.4419500842818574,
      "n": 105,
      "recall@1": 0.34285714285714286,
      "recall@5": 0.5619047619047619
    },
    "easy": {
      "mrr": 0.32355352912702984,
      "n": 290,
      "recall@1": 0.20689655172413793,
      "recall@5": 0.4724137931034483
    },
    "hard": {
      "mrr": 0.5116151520758876,
      "n": 262,
      "recall@1": 0.4198473282442748,
      "recall@5": 0.6297709923664122
    },
    "medium": {
      "mrr": 0.37909822333878135,
      "n": 343,
      "recall@1": 0.23323615160349853,
      "recall@5": 0.5801749271137027
    }
  },
  "e2e": {
    "mrr": 0.40430914274551777,
    "n_queries": 1000.0,
    "ndcg@10": 0.44863183683527597,
    "recall@1": 0.286,
    "recall@10": 0.611,
    "recall@5": 0.56
  }
}
