{
  "aggregate": {
    "dev_test_r5_gap_mean": 0.019666666666666593,
    "dev_test_r5_gap_std": 0.008730533902472557,
    "eval_latency_per_cand_ms_mean": 8.029333333333334,
    "eval_latency_per_cand_ms_std": 0.01583947249402234,
    "eval_latency_per_q_ms_mean": 802.9229999999999,
    "eval_latency_per_q_ms_std": 1.597030369153945,
    "peak_vram_mb_mean": 457.63333333333327,
    "peak_vram_mb_std": 1.0624918300339345,
    "test_cond_recall@5_mean": 0.5091174325309993,
    "test_cond_recall@5_std": 0.1457028477901638,
    "test_mrr_mean": 0.34885877528881165,
    "test_mrr_std": 0.08887011587162566,
    "test_ndcg@10_mean": 0.3824320034714308,
    "test_ndcg@10_std": 0.10131453048351842,
    "test_recall@10_mean": 0.5219999999999999,
    "test_recall@10_std": 0.12374974747448983,
    "test_recall@1_mean": 0.24666666666666667,
    "test_recall@1_std": 0.07024401912064986,
    "test_recall@5_mean": 0.46533333333333343,
    "test_recall@5_std": 0.13317240288020973
  },
  "dry_run": false,
  "per_seed": [
    {
      "best_dev_metric": 0.4588,
      "best_step": 1750,
      "dev_mrr": 0.4191929277785151,
      "dev_recall@5": 0.567,
      "dev_test_r5_gap": 0.007999999999999896,
      "eval_latency_per_cand_ms": 8.007,
      "eval_latency_per_q_ms": 800.668,
      "model": "EleutherAI/pythia-160m",
      "peak_vram_mb": 457.7,
      "seed": 0,
      "stopped_early": false,
      "tag": "pythia_160m_lora_tuned",
      "test_cond_mrr": 0.4582172352755708,
      "test_cond_n": 914,
      "test_cond_ndcg@10": 0.5026019228604286,
      "test_cond_recall@1": 0.3347921225382932,
      "test_cond_recall@10": 0.6652078774617067,
      "test_cond_recall@5": 0.611597374179431,
      "test_mrr": 0.4188105530418717,
      "test_ndcg@10": 0.4593781574944317,
      "test_recall@1": 0.306,
      "test_recall@10": 0.608,
      "test_recall@5": 0.559,
      "total_steps_run": 2000,
      "train_time_s": 4839.2
    },
    {
      "best_dev_metric": 0.4789,
      "best_step": 1750,
      "dev_mrr": 0.4531272030764537,
      "dev_recall@5": 0.582,
      "dev_test_r5_gap": 0.02199999999999991,
      "eval_latency_per_cand_ms": 8.039,
      "eval_latency_per_q_ms": 803.941,
      "model": "EleutherAI/pythia-160m",
      "peak_vram_mb": 458.9,
      "seed": 1,
      "stopped_early": false,
      "tag": "pythia_160m_lora_tuned",
      "test_cond_mrr": 0.44235135967780936,
      "test_cond_n": 914,
      "test_cond_ndcg@10": 0.49084446043246827,
      "test_cond_recall@1": 0.31291028446389496,
      "test_cond_recall@10": 0.6684901531728665,
      "test_cond_recall@5": 0.612691466083151,
      "test_mrr": 0.40430914274551777,
      "test_ndcg@10": 0.44863183683527597,
      "test_recall@1": 0.286,
      "test_recall@10": 0.611,
      "test_recall@5": 0.56,
      "total_steps_run": 2000,
      "train_time_s": 4738.6
    },
    {
      "best_dev_metric": 0.3246,
      "best_step": 2000,
      "dev_mrr": 0.254754188397785,
      "dev_recall@5": 0.306,
      "dev_test_r5_gap": 0.02899999999999997,
      "eval_latency_per_cand_ms": 8.042,
      "eval_latency_per_q_ms": 804.16,
      "model": "EleutherAI/pythia-160m",
      "peak_vram_mb": 456.3,
      "seed": 2,
      "stopped_early": false,
      "tag": "pythia_160m_lora_tuned",
      "test_cond_mrr": 0.24448208980201916,
      "test_cond_n": 914,
      "test_cond_ndcg@10": 0.2618008928715369,
      "test_cond_recall@1": 0.16192560175054704,
      "test_cond_recall@10": 0.3796498905908096,
      "test_cond_recall@5": 0.30306345733041573,
      "test_mrr": 0.2234566300790455,
      "test_ndcg@10": 0.23928601608458472,
      "test_recall@1": 0.148,
      "test_recall@10": 0.347,
      "test_recall@5": 0.277,
      "total_steps_run": 2000,
      "train_time_s": 4756.8
    }
  ],
  "seeds": [
    0,
    1,
    2
  ]
}
