{
  "aggregate": {
    "dev_test_r5_gap_mean": 0.028000000000000014,
    "dev_test_r5_gap_std": 0.011430952132988167,
    "eval_latency_per_cand_ms_mean": 7.952333333333333,
    "eval_latency_per_cand_ms_std": 0.07425332016519862,
    "eval_latency_per_q_ms_mean": 795.254,
    "eval_latency_per_q_ms_std": 7.443506163092768,
    "peak_vram_mb_mean": 458.2333333333333,
    "peak_vram_mb_std": 1.3597385369580952,
    "test_cond_recall@5_mean": 0.3526622902990518,
    "test_cond_recall@5_std": 0.1115985659943129,
    "test_mrr_mean": 0.2531853765141823,
    "test_mrr_std": 0.07301026470767148,
    "test_ndcg@10_mean": 0.27630738994051823,
    "test_ndcg@10_std": 0.08289743621243544,
    "test_recall@10_mean": 0.39766666666666667,
    "test_recall@10_std": 0.10814907407011037,
    "test_recall@1_mean": 0.17300000000000001,
    "test_recall@1_std": 0.05803447251418763,
    "test_recall@5_mean": 0.32233333333333336,
    "test_recall@5_std": 0.102001089318802
  },
  "dry_run": false,
  "per_seed": [
    {
      "best_dev_metric": 0.3218,
      "best_step": 250,
      "dev_mrr": 0.3051926201209339,
      "dev_recall@5": 0.38,
      "dev_test_r5_gap": 0.01200000000000001,
      "eval_latency_per_cand_ms": 7.886,
      "eval_latency_per_q_ms": 788.614,
      "model": "EleutherAI/pythia-160m",
      "peak_vram_mb": 457.7,
      "seed": 0,
      "stopped_early": true,
      "tag": "pythia_160m_lora",
      "test_cond_mrr": 0.3241440555280264,
      "test_cond_n": 914,
      "test_cond_ndcg@10": 0.34927245386402844,
      "test_cond_recall@1": 0.237417943107221,
      "test_cond_recall@10": 0.47811816192560175,
      "test_cond_recall@5": 0.4026258205689278,
      "test_mrr": 0.2962676667526161,
      "test_ndcg@10": 0.319235022831722,
      "test_recall@1": 0.217,
      "test_recall@10": 0.437,
      "test_recall@5": 0.368,
      "total_steps_run": 1250,
      "train_time_s": 2996.3
    },
    {
      "best_dev_metric": 0.3635,
      "best_step": 250,
      "dev_mrr": 0.31981946315009463,
      "dev_recall@5": 0.452,
      "dev_test_r5_gap": 0.03400000000000003,
      "eval_latency_per_cand_ms": 7.915,
      "eval_latency_per_q_ms": 791.5,
      "model": "EleutherAI/pythia-160m",
      "peak_vram_mb": 460.1,
      "seed": 1,
      "stopped_early": true,
      "tag": "pythia_160m_lora",
      "test_cond_mrr": 0.34234933688562463,
      "test_cond_n": 914,
      "test_cond_ndcg@10": 0.38218873956665406,
      "test_cond_recall@1": 0.23085339168490154,
      "test_cond_recall@10": 0.5536105032822757,
      "test_cond_recall@5": 0.4573304157549234,
      "test_mrr": 0.31290729391346095,
      "test_ndcg@10": 0.3493205079639218,
      "test_recall@1": 0.211,
      "test_recall@10": 0.506,
      "test_recall@5": 0.418,
      "total_steps_run": 1250,
      "train_time_s": 2857.1
    },
    {
      "best_dev_metric": 0.1839,
      "best_step": 250,
      "dev_mrr": 0.17526527434316308,
      "dev_recall@5": 0.219,
      "dev_test_r5_gap": 0.038000000000000006,
      "eval_latency_per_cand_ms": 8.056,
      "eval_latency_per_q_ms": 805.648,
      "model": "EleutherAI/pythia-160m",
      "peak_vram_mb": 456.9,
      "seed": 2,
      "stopped_early": true,
      "tag": "pythia_160m_lora",
      "test_cond_mrr": 0.1645308193396827,
      "test_cond_n": 914,
      "test_cond_ndcg@10": 0.17545584138502301,
      "test_cond_recall@1": 0.09956236323851203,
      "test_cond_recall@10": 0.2735229759299781,
      "test_cond_recall@5": 0.19803063457330417,
      "test_mrr": 0.15038116887647,
      "test_ndcg@10": 0.16036663902591103,
      "test_recall@1": 0.091,
      "test_recall@10": 0.25,
      "test_recall@5": 0.181,
      "total_steps_run": 1250,
      "train_time_s": 3022.4
    }
  ],
  "seeds": [
    0,
    1,
    2
  ]
}
