{
  "conditional": {
    "mrr": 0.1645308193396827,
    "n_queries": 914.0,
    "ndcg@10": 0.17545584138502301,
    "recall@1": 0.09956236323851203,
    "recall@10": 0.2735229759299781,
    "recall@5": 0.19803063457330417
  },
  "conditions": {
    "1": {
      "mrr": 0.19991833960599967,
      "n": 76,
      "recall@1": 0.18421052631578946,
      "recall@5": 0.18421052631578946
    },
    "2": {
      "mrr": 0.2640853990299229,
      "n": 78,
      "recall@1": 0.24358974358974358,
      "recall@5": 0.2564102564102564
    },
    "3": {
      "mrr": 0.12368584020066978,
      "n": 598,
      "recall@1": 0.05518394648829431,
      "recall@5": 0.16220735785953178
    },
    "4+": {
      "mrr": 0.1638087963793528,
      "n": 248,
      "recall@1": 0.10080645161290322,
      "recall@5": 0.20161290322580644
    }
  },
  "dev_metrics": {
    "mrr": 0.17526527434316308,
    "n_queries": 1000.0,
    "ndcg@10": 0.18630067189580118,
    "recall@1": 0.107,
    "recall@10": 0.283,
    "recall@5": 0.219
  },
  "difficulty": {
    "adversarial": {
      "mrr": 0.17450518554315392,
      "n": 105,
      "recall@1": 0.11428571428571428,
      "recall@5": 0.20952380952380953
    },
    "easy": {
      "mrr": 0.12422812711343424,
      "n": 290,
      "recall@1": 0.05517241379310345,
      "recall@5": 0.16896551724137931
    },
    "hard": {
      "mrr": 0.1985451280553665,
      "n": 262,
      "recall@1": 0.16030534351145037,
      "recall@5": 0.2099236641221374
    },
    "medium": {
      "mrr": 0.12831820402634642,
      "n": 343,
      "recall@1": 0.061224489795918366,
      "recall@5": 0.16034985422740525
    }
  },
  "e2e": {
    "mrr": 0.15038116887647,
    "n_queries": 1000.0,
    "ndcg@10": 0.16036663902591103,
    "recall@1": 0.091,
    "recall@10": 0.25,
    "recall@5": 0.181
  }
}
