{
  "conditional": {
    "mrr": 0.24448208980201916,
    "n_queries": 914.0,
    "ndcg@10": 0.2618008928715369,
    "recall@1": 0.16192560175054704,
    "recall@10": 0.3796498905908096,
    "recall@5": 0.30306345733041573
  },
  "conditions": {
    "1": {
      "mrr": 0.47394691875117856,
      "n": 76,
      "recall@1": 0.4605263157894737,
      "recall@5": 0.4605263157894737
    },
    "2": {
      "mrr": 0.41856018350061247,
      "n": 78,
      "recall@1": 0.38461538461538464,
      "recall@5": 0.4358974358974359
    },
    "3": {
      "mrr": 0.18323610787421354,
      "n": 598,
      "recall@1": 0.08862876254180602,
      "recall@5": 0.25585284280936454
    },
    "4+": {
      "mrr": 0.1823136186779378,
      "n": 248,
      "recall@1": 0.12096774193548387,
      "recall@5": 0.2217741935483871
    }
  },
  "dev_metrics": {
    "mrr": 0.254754188397785,
    "n_queries": 1000.0,
    "ndcg@10": 0.268931674721765,
    "recall@1": 0.184,
    "recall@10": 0.373,
    "recall@5": 0.306
  },
  "difficulty": {
    "adversarial": {
      "mrr": 0.23839371496765163,
      "n": 105,
      "recall@1": 0.18095238095238095,
      "recall@5": 0.2761904761904762
    },
    "easy": {
      "mrr": 0.169395307002304,
      "n": 290,
      "recall@1": 0.08275862068965517,
      "recall@5": 0.22413793103448276
    },
    "hard": {
      "mrr": 0.3246402748170827,
      "n": 262,
      "recall@1": 0.2824427480916031,
      "recall@5": 0.3435114503816794
    },
    "medium": {
      "mrr": 0.18730291246267777,
      "n": 343,
      "recall@1": 0.09037900874635568,
      "recall@5": 0.27113702623906705
    }
  },
  "e2e": {
    "mrr": 0.2234566300790455,
    "n_queries": 1000.0,
    "ndcg@10": 0.23928601608458472,
    "recall@1": 0.148,
    "recall@10": 0.347,
    "recall@5": 0.277
  }
}
