{
  "conditional": {
    "mrr": 0.4582172352755708,
    "n_queries": 914.0,
    "ndcg@10": 0.5026019228604286,
    "recall@1": 0.3347921225382932,
    "recall@10": 0.6652078774617067,
    "recall@5": 0.611597374179431
  },
  "conditions": {
    "1": {
      "mrr": 0.9368314808761032,
      "n": 76,
      "recall@1": 0.9342105263157895,
      "recall@5": 0.9342105263157895
    },
    "2": {
      "mrr": 0.69446538284586,
      "n": 78,
      "recall@1": 0.6025641025641025,
      "recall@5": 0.8076923076923077
    },
    "3": {
      "mrr": 0.3885081763744049,
      "n": 598,
      "recall@1": 0.2491638795986622,
      "recall@5": 0.5719063545150501
    },
    "4+": {
      "mrr": 0.24643214177990758,
      "n": 248,
      "recall@1": 0.15725806451612903,
      "recall@5": 0.3346774193548387
    }
  },
  "dev_metrics": {
    "mrr": 0.4191929277785151,
    "n_queries": 1000.0,
    "ndcg@10": 0.4637476852296791,
    "recall@1": 0.292,
    "recall@10": 0.626,
    "recall@5": 0.567
  },
  "difficulty": {
    "adversarial": {
      "mrr": 0.485261970575221,
      "n": 105,
      "recall@1": 0.3904761904761905,
      "recall@5": 0.5904761904761905
    },
    "easy": {
      "mrr": 0.35859145544811377,
      "n": 290,
      "recall@1": 0.24482758620689654,
      "recall@5": 0.503448275862069
    },
    "hard": {
      "mrr": 0.5154741757768994,
      "n": 262,
      "recall@1": 0.45038167938931295,
      "recall@5": 0.583969465648855
    },
    "medium": {
      "mrr": 0.3755460349795135,
      "n": 343,
      "recall@1": 0.22157434402332363,
      "recall@5": 0.577259475218659
    }
  },
  "e2e": {
    "mrr": 0.4188105530418717,
    "n_queries": 1000.0,
    "ndcg@10": 0.4593781574944317,
    "recall@1": 0.306,
    "recall@10": 0.608,
    "recall@5": 0.559
  }
}
