{
  "conditional": {
    "mrr": 0.34234933688562463,
    "n_queries": 914.0,
    "ndcg@10": 0.38218873956665406,
    "recall@1": 0.23085339168490154,
    "recall@10": 0.5536105032822757,
    "recall@5": 0.4573304157549234
  },
  "conditions": {
    "1": {
      "mrr": 0.6993278222476816,
      "n": 76,
      "recall@1": 0.6578947368421053,
      "recall@5": 0.7236842105263158
    },
    "2": {
      "mrr": 0.4973800915690583,
      "n": 78,
      "recall@1": 0.38461538461538464,
      "recall@5": 0.6025641025641025
    },
    "3": {
      "mrr": 0.2899431634539782,
      "n": 598,
      "recall@1": 0.17224080267558528,
      "recall@5": 0.42474916387959866
    },
    "4+": {
      "mrr": 0.19184161505956285,
      "n": 248,
      "recall@1": 0.11290322580645161,
      "recall@5": 0.25
    }
  },
  "dev_metrics": {
    "mrr": 0.31981946315009463,
    "n_queries": 1000.0,
    "ndcg@10": 0.3620111033117202,
    "recall@1": 0.208,
    "recall@10": 0.534,
    "recall@5": 0.452
  },
  "difficulty": {
    "adversarial": {
      "mrr": 0.35522735994873067,
      "n": 105,
      "recall@1": 0.26666666666666666,
      "recall@5": 0.4380952380952381
    },
    "easy": {
      "mrr": 0.2535580860683269,
      "n": 290,
      "recall@1": 0.1482758620689655,
      "recall@5": 0.38620689655172413
    },
    "hard": {
      "mrr": 0.40922207377937697,
      "n": 262,
      "recall@1": 0.3282442748091603,
      "recall@5": 0.4732824427480916
    },
    "medium": {
      "mrr": 0.27656091203741284,
      "n": 343,
      "recall@1": 0.15743440233236153,
      "recall@5": 0.3965014577259475
    }
  },
  "e2e": {
    "mrr": 0.31290729391346095,
    "n_queries": 1000.0,
    "ndcg@10": 0.3493205079639218,
    "recall@1": 0.211,
    "recall@10": 0.506,
    "recall@5": 0.418
  }
}
