model,batch,ms_per_cand,ms_per_query_top100,cand_per_sec,peak_vram_mb
mamba_130m_lora_batched,1,14.254862442612648,1425.4862442612648,70.15150121762373,284.5
mamba_130m_lora_batched,8,1.8317129462957382,183.17129462957382,545.9370705558935,437.7
mamba_130m_lora_batched,16,0.9835947602987288,98.35947602987288,1016.6788604041451,610.8
mamba_130m_lora_batched,32,0.5458475351333618,54.58475351333618,1832.0134023426144,936.2
cross_encoder,1,2.663465231657028,266.3465231657028,375.45074293230687,97.9
cross_encoder,8,0.4834330826997757,48.34330826997757,2068.538616379768,102.2
cross_encoder,16,0.2983614206314087,29.83614206314087,3351.6397592012586,109.7
cross_encoder,32,0.20495489239692688,20.495489239692688,4879.122368366524,123.1
