{
  "outcome": {
    "best": {
      "best_acc_score": 0.8268356453045271,
      "best_acc_step": 30000,
      "best_ce_score": 0.3290970064260148,
      "best_ce_step": 26000,
      "by_mode": {
        "induction_capped": {
          "1": {
            "accuracy": 1.0,
            "all_correct": 1.0,
            "cross_entropy": 9.979701368068028e-08,
            "step": 24000
          },
          "2": {
            "accuracy": 0.9999389650765806,
            "all_correct": 0.999755859375,
            "cross_entropy": 0.00042419092706680317,
            "step": 16000
          },
          "4": {
            "accuracy": 0.753509541740641,
            "all_correct": 0.287841796875,
            "cross_entropy": 0.40823643561452627,
            "step": 30000
          },
          "8": {
            "accuracy": 0.5586853253189474,
            "all_correct": 0.0015869140625,
            "cross_entropy": 0.9020600488875061,
            "step": 30000
          }
        },
        "single_query": {
          "1": {
            "accuracy": 1.0,
            "all_correct": 1.0,
            "cross_entropy": 1.0103392554527968e-07,
            "step": 24000
          },
          "2": {
            "accuracy": 1.0,
            "all_correct": 1.0,
            "cross_entropy": 7.512502551776379e-05,
            "step": 22000
          },
          "4": {
            "accuracy": 0.590332051506266,
            "all_correct": 0.5892333984375,
            "cross_entropy": 0.7127418958116323,
            "step": 20000
          },
          "8": {
            "accuracy": 0.4177246193867177,
            "all_correct": 0.417724609375,
            "cross_entropy": 1.3290915545076132,
            "step": 30000
          }
        }
      }
    },
    "config_json": "/root/mamba_recall_experiment/runs/20260620_180244/configs/stage_b0f_b02_candidateB_4l384_seed2_config.json",
    "elapsed_sec": 948.6205806732178,
    "finals": {
      "induction_capped": {
        "1": {
          "accuracy": 1.0,
          "all_correct": 1.0,
          "cross_entropy": 1.9452918492701698e-07,
          "step": 30000
        },
        "2": {
          "accuracy": 0.9969482512678951,
          "all_correct": 0.993896484375,
          "cross_entropy": 0.016965929583136585,
          "step": 30000
        },
        "4": {
          "accuracy": 0.751709004631266,
          "all_correct": 0.287841796875,
          "cross_entropy": 0.40823643561452627,
          "step": 30000
        },
        "8": {
          "accuracy": 0.5586853253189474,
          "all_correct": 0.0015869140625,
          "cross_entropy": 0.9020600488875061,
          "step": 30000
        }
      },
      "single_query": {
        "1": {
          "accuracy": 1.0,
          "all_correct": 1.0,
          "cross_entropy": 2.2287580583868483e-07,
          "step": 30000
        },
        "2": {
          "accuracy": 0.9995117206126451,
          "all_correct": 0.99951171875,
          "cross_entropy": 0.004197918030007353,
          "step": 30000
        },
        "4": {
          "accuracy": 0.5843506042147055,
          "all_correct": 0.5843505859375,
          "cross_entropy": 0.7156397285871208,
          "step": 30000
        },
        "8": {
          "accuracy": 0.4177246193867177,
          "all_correct": 0.417724609375,
          "cross_entropy": 1.3290915545076132,
          "step": 30000
        }
      }
    },
    "model_size": "4L/384",
    "notes": "",
    "per_run_csv": "/root/mamba_recall_experiment/runs/20260620_180244/results/stage_b0f_b02_candidateB_4l384_seed2.csv",
    "recipe": "random-init larger Transformer candidate 4L/384 N_VALUES=8",
    "run_id": "stage_b0f_b02_candidateB_4l384_seed2",
    "seed": 2,
    "start_step": 0,
    "status": "completed",
    "step": 30000,
    "substage": "B0F.2",
    "trained_steps": 30000
  },
  "run_meta": {
    "checkpoint_interval": 2000,
    "checkpoints": {
      "best_by_accuracy": "/root/mamba_recall_experiment/runs/20260620_180244/checkpoints/stage_b0f_b02_candidateB_4l384_seed2_best_acc.pt",
      "best_by_ce": "/root/mamba_recall_experiment/runs/20260620_180244/checkpoints/stage_b0f_b02_candidateB_4l384_seed2_best_ce.pt",
      "latest": "/root/mamba_recall_experiment/runs/20260620_180244/checkpoints/stage_b0f_b02_candidateB_4l384_seed2_latest.pt"
    },
    "config": {
      "batch_size": 96,
      "d_model": 384,
      "d_state": 16,
      "dtype": "fp32",
      "early_acc": null,
      "early_patience": 3,
      "eval_interval": 2000,
      "eval_n_pairs": [
        1,
        2,
        4,
        8
      ],
      "fixed_batch": false,
      "gap_len": 0,
      "grad_clip": 1.0,
      "log_interval": 100,
      "lr": 0.0005,
      "max_steps": 30000,
      "model_type": "transformer",
      "n_heads": 8,
      "n_keys": 256,
      "n_layers": 4,
      "n_pairs": null,
      "n_values": 8,
      "q_count": 1,
      "run_id": "stage_b0f_b02_candidateB_4l384_seed2",
      "seed": 2,
      "stage": "B0F",
      "train_n_pairs": [
        1,
        2,
        4,
        8
      ],
      "warmup_steps": 500
    },
    "curriculum_phases": [
      {
        "end_step": 5000,
        "q_cap": 8,
        "q_count_mode": "capped",
        "sampling_weights": "uniform",
        "start_step": 0,
        "train_n_pairs": [
          1,
          2
        ]
      },
      {
        "end_step": 10000,
        "q_cap": 8,
        "q_count_mode": "capped",
        "sampling_weights": "uniform",
        "start_step": 5000,
        "train_n_pairs": [
          1,
          2,
          4
        ]
      },
      {
        "end_step": 30000,
        "q_cap": 8,
        "q_count_mode": "capped",
        "sampling_weights": "uniform",
        "start_step": 10000,
        "train_n_pairs": [
          1,
          2,
          4,
          8
        ]
      }
    ],
    "eval_batch_size": 96,
    "eval_modes": [
      {
        "name": "induction_capped",
        "q_cap": 8,
        "q_count_mode": "capped"
      },
      {
        "name": "single_query",
        "q_cap": 1,
        "q_count_mode": "single"
      }
    ],
    "eval_n_pairs": [
      1,
      2,
      4,
      8
    ],
    "eval_samples_per_condition": 8192,
    "eval_seed_rule": "930000 + cfg.seed * 10000 + eval_seed * 1000 + n_pairs + q_cap",
    "eval_seeds": [
      0,
      1
    ],
    "git_commit": "f96a61f",
    "recipe": "random-init larger Transformer candidate 4L/384 N_VALUES=8",
    "resume_from_run_id": null,
    "rng_policy": "train uses one CPU torch.Generator; eval uses fresh independent CPU generators",
    "run_id": "stage_b0f_b02_candidateB_4l384_seed2",
    "substage": "B0F.2",
    "train_generator_seed": 22347
  },
  "status": "completed",
  "terminal": true,
  "updated_at": 1781997295.957921
}
