{
  "outcome": {
    "best": {
      "best_acc_score": 0.8799171447753906,
      "best_acc_step": 26000,
      "best_ce_score": 0.2685702012688225,
      "best_ce_step": 26000,
      "by_mode": {
        "induction_capped": {
          "1": {
            "accuracy": 1.0,
            "all_correct": 1.0,
            "cross_entropy": 5.971547139438371e-06,
            "step": 10000
          },
          "2": {
            "accuracy": 0.99993896484375,
            "all_correct": 0.9998779296875,
            "cross_entropy": 0.00018339308147119482,
            "step": 20000
          },
          "4": {
            "accuracy": 0.998779296875,
            "all_correct": 0.9952392578125,
            "cross_entropy": 0.007710602846600523,
            "step": 28000
          },
          "8": {
            "accuracy": 0.5219573974609375,
            "all_correct": 0.0001220703125,
            "cross_entropy": 1.0642419662326574,
            "step": 26000
          }
        },
        "single_query": {
          "1": {
            "accuracy": 1.0,
            "all_correct": 1.0,
            "cross_entropy": 5.924646941934952e-06,
            "step": 10000
          },
          "2": {
            "accuracy": 1.0,
            "all_correct": 1.0,
            "cross_entropy": 4.387086337942492e-05,
            "step": 28000
          },
          "4": {
            "accuracy": 0.99951171875,
            "all_correct": 0.99951171875,
            "cross_entropy": 0.0026390474131403607,
            "step": 24000
          },
          "8": {
            "accuracy": 0.5089111328125,
            "all_correct": 0.5089111328125,
            "cross_entropy": 1.1438745949417353,
            "step": 26000
          }
        }
      }
    },
    "config_json": "/root/mamba_recall_experiment/runs/20260620_180244/configs/stage_b0f_b02_candidateA_6l256_seed2_config.json",
    "elapsed_sec": 1209.5913529396057,
    "finals": {
      "induction_capped": {
        "1": {
          "accuracy": 1.0,
          "all_correct": 1.0,
          "cross_entropy": 3.406524467663985e-05,
          "step": 30000
        },
        "2": {
          "accuracy": 0.99993896484375,
          "all_correct": 0.9998779296875,
          "cross_entropy": 0.0002687873350737391,
          "step": 30000
        },
        "4": {
          "accuracy": 0.99749755859375,
          "all_correct": 0.9908447265625,
          "cross_entropy": 0.014946425563721277,
          "step": 30000
        },
        "8": {
          "accuracy": 0.5194854736328125,
          "all_correct": 0.00146484375,
          "cross_entropy": 1.0793842002749443,
          "step": 30000
        }
      },
      "single_query": {
        "1": {
          "accuracy": 1.0,
          "all_correct": 1.0,
          "cross_entropy": 3.367601357240346e-05,
          "step": 30000
        },
        "2": {
          "accuracy": 1.0,
          "all_correct": 1.0,
          "cross_entropy": 8.691389891879453e-05,
          "step": 30000
        },
        "4": {
          "accuracy": 0.9974365234375,
          "all_correct": 0.9974365234375,
          "cross_entropy": 0.01833887357452113,
          "step": 30000
        },
        "8": {
          "accuracy": 0.4993896484375,
          "all_correct": 0.4993896484375,
          "cross_entropy": 1.1480402294546366,
          "step": 30000
        }
      }
    },
    "model_size": "6L/256",
    "notes": "",
    "per_run_csv": "/root/mamba_recall_experiment/runs/20260620_180244/results/stage_b0f_b02_candidateA_6l256_seed2.csv",
    "recipe": "random-init larger Transformer candidate 6L/256 N_VALUES=8",
    "run_id": "stage_b0f_b02_candidateA_6l256_seed2",
    "seed": 2,
    "start_step": 0,
    "status": "completed",
    "step": 30000,
    "substage": "B0F.2",
    "trained_steps": 30000
  },
  "run_meta": {
    "checkpoint_interval": 2000,
    "checkpoints": {
      "best_by_accuracy": "/root/mamba_recall_experiment/runs/20260620_180244/checkpoints/stage_b0f_b02_candidateA_6l256_seed2_best_acc.pt",
      "best_by_ce": "/root/mamba_recall_experiment/runs/20260620_180244/checkpoints/stage_b0f_b02_candidateA_6l256_seed2_best_ce.pt",
      "latest": "/root/mamba_recall_experiment/runs/20260620_180244/checkpoints/stage_b0f_b02_candidateA_6l256_seed2_latest.pt"
    },
    "config": {
      "batch_size": 128,
      "d_model": 256,
      "d_state": 16,
      "dtype": "fp32",
      "early_acc": null,
      "early_patience": 3,
      "eval_interval": 2000,
      "eval_n_pairs": [
        1,
        2,
        4,
        8
      ],
      "fixed_batch": false,
      "gap_len": 0,
      "grad_clip": 1.0,
      "log_interval": 100,
      "lr": 0.001,
      "max_steps": 30000,
      "model_type": "transformer",
      "n_heads": 8,
      "n_keys": 256,
      "n_layers": 6,
      "n_pairs": null,
      "n_values": 8,
      "q_count": 1,
      "run_id": "stage_b0f_b02_candidateA_6l256_seed2",
      "seed": 2,
      "stage": "B0F",
      "train_n_pairs": [
        1,
        2,
        4,
        8
      ],
      "warmup_steps": 500
    },
    "curriculum_phases": [
      {
        "end_step": 5000,
        "q_cap": 8,
        "q_count_mode": "capped",
        "sampling_weights": "uniform",
        "start_step": 0,
        "train_n_pairs": [
          1,
          2
        ]
      },
      {
        "end_step": 10000,
        "q_cap": 8,
        "q_count_mode": "capped",
        "sampling_weights": "uniform",
        "start_step": 5000,
        "train_n_pairs": [
          1,
          2,
          4
        ]
      },
      {
        "end_step": 30000,
        "q_cap": 8,
        "q_count_mode": "capped",
        "sampling_weights": "uniform",
        "start_step": 10000,
        "train_n_pairs": [
          1,
          2,
          4,
          8
        ]
      }
    ],
    "eval_batch_size": 128,
    "eval_modes": [
      {
        "name": "induction_capped",
        "q_cap": 8,
        "q_count_mode": "capped"
      },
      {
        "name": "single_query",
        "q_cap": 1,
        "q_count_mode": "single"
      }
    ],
    "eval_n_pairs": [
      1,
      2,
      4,
      8
    ],
    "eval_samples_per_condition": 8192,
    "eval_seed_rule": "930000 + cfg.seed * 10000 + eval_seed * 1000 + n_pairs + q_cap",
    "eval_seeds": [
      0,
      1
    ],
    "git_commit": "f96a61f",
    "recipe": "random-init larger Transformer candidate 6L/256 N_VALUES=8",
    "resume_from_run_id": null,
    "rng_policy": "train uses one CPU torch.Generator; eval uses fresh independent CPU generators",
    "run_id": "stage_b0f_b02_candidateA_6l256_seed2",
    "substage": "B0F.2",
    "train_generator_seed": 22347
  },
  "status": "completed",
  "terminal": true,
  "updated_at": 1781994958.1002948
}
