{
  "outcome": {
    "best": {
      "best_acc_score": 0.9999122659210116,
      "best_acc_step": 12000,
      "best_ce_score": 0.0003396459951681141,
      "best_ce_step": 12000,
      "by_mode": {
        "induction_capped": {
          "1": {
            "accuracy": 1.0,
            "all_correct": 1.0,
            "cross_entropy": 3.5660708599394297e-06,
            "step": 12000
          },
          "2": {
            "accuracy": 1.0,
            "all_correct": 1.0,
            "cross_entropy": 6.609277235725131e-06,
            "step": 12000
          },
          "4": {
            "accuracy": 0.9999389657750726,
            "all_correct": 0.999755859375,
            "cross_entropy": 0.00015860039971826723,
            "step": 12000
          },
          "8": {
            "accuracy": 0.9997100979089737,
            "all_correct": 0.9976806640625,
            "cross_entropy": 0.0011898082328585247,
            "step": 12000
          }
        },
        "single_query": {
          "1": {
            "accuracy": 1.0,
            "all_correct": 1.0,
            "cross_entropy": 3.5623150385077906e-06,
            "step": 12000
          },
          "2": {
            "accuracy": 1.0,
            "all_correct": 1.0,
            "cross_entropy": 5.201294402823464e-05,
            "step": 12000
          },
          "4": {
            "accuracy": 1.0,
            "all_correct": 1.0,
            "cross_entropy": 0.00011688322092595627,
            "step": 11000
          },
          "8": {
            "accuracy": 0.9998779301531613,
            "all_correct": 0.9998779296875,
            "cross_entropy": 0.0005929626773308883,
            "step": 12000
          }
        }
      }
    },
    "config_json": "/root/mamba_recall_experiment/runs/20260620_180244/configs/stage_b0e_b01_induction_v8_seed1_config.json",
    "elapsed_sec": 481.0228455066681,
    "finals": {
      "induction_capped": {
        "1": {
          "accuracy": 1.0,
          "all_correct": 1.0,
          "cross_entropy": 3.5660708599394297e-06,
          "step": 12000
        },
        "2": {
          "accuracy": 1.0,
          "all_correct": 1.0,
          "cross_entropy": 6.609277235725131e-06,
          "step": 12000
        },
        "4": {
          "accuracy": 0.9999389657750726,
          "all_correct": 0.999755859375,
          "cross_entropy": 0.00015860039971826723,
          "step": 12000
        },
        "8": {
          "accuracy": 0.9997100979089737,
          "all_correct": 0.9976806640625,
          "cross_entropy": 0.0011898082328585247,
          "step": 12000
        }
      },
      "single_query": {
        "1": {
          "accuracy": 1.0,
          "all_correct": 1.0,
          "cross_entropy": 3.5623150385077906e-06,
          "step": 12000
        },
        "2": {
          "accuracy": 1.0,
          "all_correct": 1.0,
          "cross_entropy": 5.201294402823464e-05,
          "step": 12000
        },
        "4": {
          "accuracy": 0.9998779301531613,
          "all_correct": 0.9998779296875,
          "cross_entropy": 0.00016431735994260066,
          "step": 12000
        },
        "8": {
          "accuracy": 0.9998779301531613,
          "all_correct": 0.9998779296875,
          "cross_entropy": 0.0005929626773308883,
          "step": 12000
        }
      }
    },
    "notes": "",
    "per_run_csv": "/root/mamba_recall_experiment/runs/20260620_180244/results/stage_b0e_b01_induction_v8_seed1.csv",
    "recipe": "induction capped curriculum N_VALUES=8",
    "run_id": "stage_b0e_b01_induction_v8_seed1",
    "status": "pass_early_stop",
    "step": 12000,
    "substage": "B0E.1"
  },
  "run_meta": {
    "checkpoint_interval": 1000,
    "checkpoints": {
      "best_by_accuracy": "/root/mamba_recall_experiment/runs/20260620_180244/checkpoints/stage_b0e_b01_induction_v8_seed1_best_acc.pt",
      "best_by_ce": "/root/mamba_recall_experiment/runs/20260620_180244/checkpoints/stage_b0e_b01_induction_v8_seed1_best_ce.pt",
      "latest": "/root/mamba_recall_experiment/runs/20260620_180244/checkpoints/stage_b0e_b01_induction_v8_seed1_latest.pt"
    },
    "config": {
      "batch_size": 192,
      "d_model": 256,
      "d_state": 16,
      "dtype": "fp32",
      "early_acc": null,
      "early_patience": 3,
      "eval_interval": 1000,
      "eval_n_pairs": [
        1,
        2,
        4,
        8
      ],
      "fixed_batch": false,
      "gap_len": 0,
      "grad_clip": 1.0,
      "log_interval": 100,
      "lr": 0.001,
      "max_steps": 30000,
      "model_type": "transformer",
      "n_heads": 8,
      "n_keys": 256,
      "n_layers": 4,
      "n_pairs": null,
      "n_values": 8,
      "q_count": 1,
      "run_id": "stage_b0e_b01_induction_v8_seed1",
      "seed": 1,
      "stage": "B0E",
      "train_n_pairs": [
        1,
        2,
        4,
        8
      ],
      "warmup_steps": 500
    },
    "curriculum_phases": [
      {
        "end_step": 5000,
        "q_cap": 8,
        "q_count_mode": "capped",
        "sampling_weights": "uniform",
        "start_step": 0,
        "train_n_pairs": [
          1,
          2
        ]
      },
      {
        "end_step": 10000,
        "q_cap": 8,
        "q_count_mode": "capped",
        "sampling_weights": "uniform",
        "start_step": 5000,
        "train_n_pairs": [
          1,
          2,
          4
        ]
      },
      {
        "end_step": 30000,
        "q_cap": 8,
        "q_count_mode": "capped",
        "sampling_weights": "uniform",
        "start_step": 10000,
        "train_n_pairs": [
          1,
          2,
          4,
          8
        ]
      }
    ],
    "eval_batch_size": 192,
    "eval_modes": [
      {
        "name": "induction_capped",
        "q_cap": 8,
        "q_count_mode": "capped"
      },
      {
        "name": "single_query",
        "q_cap": 1,
        "q_count_mode": "single"
      }
    ],
    "eval_n_pairs": [
      1,
      2,
      4,
      8
    ],
    "eval_samples_per_condition": 8192,
    "eval_seed_rule": "930000 + cfg.seed * 10000 + eval_seed * 1000 + n_pairs + q_cap",
    "eval_seeds": [
      0,
      1
    ],
    "git_commit": "6deb77b",
    "recipe": "induction capped curriculum N_VALUES=8",
    "rng_policy": "train uses one CPU torch.Generator; eval uses fresh independent CPU generators",
    "run_id": "stage_b0e_b01_induction_v8_seed1",
    "substage": "B0E.1",
    "train_generator_seed": 22346
  },
  "status": "pass_early_stop",
  "terminal": true,
  "updated_at": 1781983217.8946595
}
